alpha,float value,numerator,denominator
alpha_1,0.536377303928577,425000000000000000000000000000000000000000,792352690703319313504606405000000000000000
alpha_2,0.44698108660714747,2125000000000000000000000000000000000000000,4754116144219915881027638430000000000000000
alpha_3,0.357584869285718,1700000000000000000000000000000000000000000,4754116144219915881027638430000000000000000
ETH valua at May 1,205.55600541063674,20555600541063674,100000000000000
